aa_mut,target kcat per kmol,aa_seq
wildtype,1.3,MAAPAAEAPLSHVQQALAELAKPKDDPTRKHVCVQVAPAVRVAIAETLGLAPGATTPKQLAEGLRRLGFDEVFDTLFGADLTIMEEGSELLHRLTEHLEAHPHSDEPLPMFTSCCPGWIAMLEKSYPDLIPYVSSCKSPQMMLAAMVKSYLAEKKGIAPKDMVMVSIMPCTRKQSEADRDWFCVDADPTLRQLDHVITTVELGNIFKERGINLAELPEGEWDNPMGVGSGAGVLFGTTGGVMEAALRTAYELFTGTPLPRLSLSEVRGMDGIKETNITMVPAPGSKFEELLKHRAAARAEAAAHGTPGPLAWDGGAGFTSEDGRGGITLRVAVANGLGNAKKLITKMQAGEAKYDFVEIMACPAGCVGGGGQPRSTDKAITQKRQAALYNLDEKSTLRRSHENPSIRELYDTYLGEPLGHKAHELLHTHYVAGGVEEKDEKK
R227G_G425E,2.1,
G172S_R227C,100.3,
G172P_R227K_G425H,46.22,
T226V_R227A,54.44,
R227E,6.6,
G172T,18.0,
G172R_R227E,4.6,
R227L,2.0,
R227M,75.0,
G172F,257.0,
R227T,25.0,
C170P,1.5,
C170A,3.5,
C170V,2.5,
C225I,2.5,
C225Y,8.5,
K228Y,9.5,
E231V,0.1,
E231I,50.3,
H482I_H484Y,0.0,
