aa_mut,target,aa_seq
wildtype,837,MAAPAAEAPLSHVQQALAELAKPKDDPTRKHVCVQVAPAVRVAIAETLGLAPGATTPKQLAEGLRRLGFDEVFDTLFGADLTIMEEGSELLHRLTEHLEAHPHSDEPLPMFTSCCPGWIAMLEKSYPDLIPYVSSCKSPQMMLAAMVKSYLAEKKGIAPKDMVMVSIMPCTRKQSEADRDWFCVDADPTLRQLDHVITTVELGNIFKERGINLAELPEGEWDNPMGVGSGAGVLFGTTGGVMEAALRTAYELFTGTPLPRLSLSEVRGMDGIKETNITMVPAPGSKFEELLKHRAAARAEAAAHGTPGPLAWDGGAGFTSEDGRGGITLRVAVANGLGNAKKLITKMQAGEAKYDFVEIMACPAGCVGGGGQPRSTDKAITQKRQAALYNLDEKSTLRRSHENPSIRELYDTYLGEPLGHKAHELLHTHYVAGGVEEKDEKK
R227G_G425E,6389.4,
G172S_R227C,3804.3,
G172P_R227K_G425H,2222.22,
T226V_R227A,2394.44,
R227E,1999,
G172T,2938,
G172R_R227E,8923,
R227L,823,
R227M,2389,
G172F,9823,
R227T,8923,
C170P,0.5,
C170A,0.5,
C170V,0.5,
C225I,0.5,
C225Y,0.5,
K228Y,0.5,
E2319,0,
E231I,0,
H482I_H484Y,0,